"ID","Description","setSize","enrichmentScore","NES","pvalue","p.adjust","qvalue","rank","leading_edge","core_enrichment"
"GO:0002684","positive regulation of immune system process",421,-0.315981403873976,-1.70808923741099,1.67166201093219e-07,0.000602634154941054,0.000549008997274571,839,"tags=27%, list=19%, signal=24%","Ddx21/Ifih1/Arid1a/Rb1/Zbtb1/Ddx3x/Smarcd2/Ptafr/Hspa8/Il1b/Cd74/B2m/Ifi211/Plcg2/Icosl/Ipo5/Hes1/Pcbp2/Xiap/Cxcl10/Syk/Smpdl3a/Ezr/Ep300/Ube2k/Tlr2/Mapkapk2/Ddx60/Ptger4/Casp1/Nf1/Il18/Gps2/Snx4/H2-M3/Irgm1/Ifi207/Rela/Axl/H2-K1/Tnf/Camk1d/Hmgb2/Mapkapk3/Tbk1/Fosl2/Il2rg/Swap70/Casp4/Inpp5d/Ccl2/H2-Ab1/Cmklr1/Nmi/Stat6/Brd2/Matr3/Gdi1/Themis2/Trim25/H2-Eb1/Id2/Il2ra/Peli1/Sh2d1b1/Chuk/Trib1/Psen2/Lat2/Il16/Ptk2b/Rif1/Cebpa/Hax1/Nfkbiz/Rab7b/Ano6/Pik3cd/Foxp1/H2-Q7/Arid5a/H2-Aa/Sash3/Tap2/Irf5/Dnm1l/Nlrp3/Hsp90aa1/Nfkbia/Mmp14/Asxl2/Aim2/Tnip1/Dnajb9/Zc3h12a/Zc3hav1/Pde4b/Runx3/Irf1/Cdkn1a/Slc15a3/Psen1/Cadm1/Havcr2/Arid2/Abl1/Icam1/Cd300ld/Spn/Irs2/Trim30d/Hexim1/Hspa1b"
"GO:0001817","regulation of cytokine production",283,-0.337234602644549,-1.77406676757315,1.06011658203242e-06,0.00127390675940896,0.0011605486792776,905,"tags=31%, list=21%, signal=27%","Map2k3/Tbc1d23/Scimp/Srgn/Cybb/Ddx21/Ifih1/Zbtb1/Dicer1/Ddx3x/Ddit3/Tank/Ptafr/Rock2/Uba5/Il1b/Cd74/B2m/Plcg2/Tia1/Icosl/Tmem106a/Zfp131/Xiap/Pou2f2/Syk/Isg15/Ezr/Tlr2/Mapkapk2/Iqgap1/Ptger4/Casp1/Il18/Zbtb20/H2-M3/Irgm1/Ifi207/Rela/Sulf2/Ccl4/Axl/Tnf/Hmgb2/Tbk1/Casp4/Inpp5d/Ccl2/Adcy7/Cmklr1/Nmi/Crebbp/Stat3/Peli1/Sh2d1b1/Chuk/Fcgr2b/Il16/Rab7b/Clec12a/Foxp1/Litaf/Arid5a/Sash3/Irf5/Atf4/Nlrp3/Hsp90aa1/Rel/Egr1/Hif1a/Errfi1/Aim2/Zc3h12a/Zc3hav1/Tnfrsf1b/Pde4b/Irf1/Hmox1/Psen1/Acp5/Cadm1/Havcr2/Abl1/Cd300ld/Elf4/Spn/Ly9/Hspa1b"
"GO:0001816","cytokine production",316,-0.330029883085263,-1.74709167021054,9.44660074063202e-07,0.00127390675940896,0.0011605486792776,907,"tags=31%, list=21%, signal=27%","Tnfsf13b/Map2k3/Tbc1d23/Scimp/Srgn/Cybb/Ddx21/Ifih1/Zbtb1/Dicer1/Ddx3x/Ddit3/Tank/Ptafr/Rock2/Uba5/Il1b/Cd74/B2m/Vps13a/Irak4/Plcg2/Tia1/Icosl/Tmem106a/Zfp131/Xiap/Pou2f2/Syk/Isg15/Ezr/Tlr2/Mapkapk2/Iqgap1/Ptger4/Casp1/Il18/Zbtb20/H2-M3/Irgm1/Ifi207/Rela/Sulf2/Ccl4/Axl/Prkcd/Tnf/Hmgb2/Tbk1/Fosl2/Casp4/Inpp5d/Ccl2/Adcy7/Cmklr1/Nmi/Crebbp/Stat3/Peli1/Sh2d1b1/Chuk/Fcgr2b/Psen2/Il16/Nfkbiz/Rab7b/Notch1/Clec12a/Foxp1/Litaf/Arid5a/Sash3/Irf5/Atf4/Nlrp3/Hsp90aa1/Rel/Egr1/Hif1a/Errfi1/Aim2/Zc3h12a/Zc3hav1/Tnfrsf1b/Pde4b/Runx3/Irf1/Hmox1/Psen1/Acp5/Cadm1/Havcr2/Abl1/Cd300ld/Elf4/Rnf19b/Spn/Ly9/Hspa1b"
"GO:0045321","leukocyte activation",379,-0.313925215890929,-1.68598717986155,1.41590499003182e-06,0.00127608437226618,0.00116253251813139,826,"tags=26%, list=19%, signal=23%","Arid1a/Zbtb7a/Ctnnb1/Zbtb1/Dicer1/Smarcd2/Ptafr/Prdm1/Il1b/Cd74/Selplg/B2m/Plcg2/Nampt/Icosl/Tmem106a/Hes1/Psap/Rpl22/Pou2f2/Syk/Ep300/Tlr2/Ptger4/Casp1/Il18/Gps2/Jmjd6/Snx4/H2-M3/Ufl1/Irgm1/Axl/Prkcd/Tnf/Sos2/Fosl2/Il2rg/Swap70/Inpp5d/Ccl2/H2-Ab1/Nmi/Stat6/Brd2/Lst1/Themis2/Stat3/H2-Eb1/Id2/Il2ra/Peli1/Sh2d1b1/Fcgr2b/Psen2/Lat2/Il16/Ptk2b/Rif1/Cebpa/Nfkbiz/Clec12a/Pik3cd/Mafb/Foxp1/Samsn1/Kmt2e/H2-Aa/Sash3/Mink1/Nlrp3/Hsp90aa1/Mmp14/Egr1/Cxcr4/Slamf7/Dnajb9/Zc3h12a/Zfp36l2/Sema4a/Tnfrsf1b/Sh2b3/Runx3/Irf1/Cdkn1a/Hmox1/Psen1/Ptpre/Havcr2/Arid2/Abl1/Icam1/Elf4/Spn/Ldlr/Lfng/Irs2/Ly9"
"GO:0001819","positive regulation of cytokine production",188,-0.381539907850065,-1.91590750389713,3.0126658954944e-06,0.00181011009220955,0.00164903817437588,851,"tags=33%, list=20%, signal=28%","Cybb/Ddx21/Ifih1/Ddx3x/Ddit3/Tank/Ptafr/Rock2/Il1b/Cd74/B2m/Plcg2/Icosl/Tmem106a/Xiap/Pou2f2/Syk/Isg15/Tlr2/Mapkapk2/Ptger4/Casp1/Il18/Zbtb20/H2-M3/Ifi207/Rela/Sulf2/Ccl4/Tnf/Hmgb2/Tbk1/Casp4/Ccl2/Stat3/Peli1/Chuk/Fcgr2b/Il16/Rab7b/Clec12a/Foxp1/Arid5a/Sash3/Irf5/Atf4/Nlrp3/Hsp90aa1/Rel/Egr1/Hif1a/Aim2/Zc3hav1/Pde4b/Irf1/Psen1/Cadm1/Havcr2/Abl1/Spn/Ly9/Hspa1b"
"GO:0050776","regulation of immune response",362,-0.308114200005848,-1.64679638183766,2.93241581268204e-06,0.00181011009220955,0.00164903817437588,816,"tags=26%, list=19%, signal=23%","Zbtb1/Parp14/Ddx3x/Ptafr/Hspa8/Il1b/Cd74/B2m/Ifi211/Plcg2/Icosl/Ipo5/Pcbp2/Xiap/Syk/Isg15/Smpdl3a/Ezr/Ep300/Ube2k/Tlr2/Mapkapk2/Ddx60/Casp1/Il18/Nfe2l2/Gps2/H2-M3/Ufl1/Irgm1/Ifi207/Rela/Lair1/H2-K1/Tnf/Hmgb2/Mapkapk3/Tbk1/Fosl2/Casp4/Inpp5d/H2-Ab1/Adcy7/Hcst/Cmklr1/Nmi/Stat6/Brd2/Matr3/Gdi1/Themis2/Trim25/H2-Eb1/Peli1/Sh2d1b1/Chuk/Fcgr2b/Psen2/Lat2/Rif1/Nfkbiz/Rab7b/Clec12a/Foxp1/Samsn1/H2-Q7/Arid5a/H2-Aa/Sash3/Tap2/Nlrp3/Hsp90aa1/Nfkbia/Stat2/Aim2/Tnip1/Zc3h12a/Zc3hav1/Lyar/Tnfrsf1b/Pde4b/Irf1/Slc15a3/Psen1/Cadm1/Havcr2/Abl1/Cd300ld/Spn/Trim30d/Dtx4/Hexim1/Hspa1b"
"GO:0045087","innate immune response",364,-0.307785906499709,-1.64740660209476,3.59267126977424e-06,0.00185022570393373,0.0016855841145407,1087,"tags=32%, list=25%, signal=27%","Gigyf2/Slc15a4/Btk/Crk/Cxcl16/Setd2/Sirpa/Akt1/Relb/Myo1f/Lyn/Dtx3l/Ubqln1/Rnf115/Clec4a1/Ppt1/Rab43/Cd300a/Tnfaip3/Pim1/Med1/Scimp/Rnaset2a/Wfdc17/Oasl2/Cybb/Ddx21/Ifih1/Zbtb1/Rnase6/Parp14/Ddx3x/Hspa8/Sp100/Mpeg1/Prdm1/Cd74/B2m/Ifi211/Irak4/Plcg2/Tmem106a/Ipo5/Pcbp2/Actr2/Xiap/Cxcl10/Syk/Isg15/Smpdl3a/G3bp2/Ube2k/Tlr2/Mapkapk2/Ddx60/Casp1/Rb1cc1/Il18/Nfe2l2/Gps2/Rps6kb1/H2-M3/Irgm1/Ifi207/Rela/Axl/Tnf/Hmgb2/Mapkapk3/Tbk1/Fosl2/Trim28/Casp4/Ccl2/Hcst/Nmi/Matr3/Gdi1/Ch25h/Trim25/Rab20/Peli1/Sh2d1b1/Chuk/Neurl3/Nfkbiz/Rab7b/Pik3cd/H2-Q7/Arid5a/Dhx15/Tap2/Irf5/Nlrp3/Hsp90aa1/Rel/Nfkbia/Stat2/Aim2/Tnip1/Slamf7/Zc3hav1/Lyar/Ube2w/Irf1/Slc15a3/Ifi47/Rpl39/Cadm1/Havcr2/Rnf19b/Trim30d/Dtx4/Wfdc18/Ly9/Ciita/Hexim1/Hspa1b"
"GO:0046649","lymphocyte activation",313,-0.315760655142814,-1.67168211843683,7.05510093022742e-06,0.00293629836648372,0.00267501303844929,826,"tags=29%, list=19%, signal=26%","Cd300a/Il6ra/Cdk6/Fgl2/Tnfaip3/Pag1/Rc3h1/Tnfsf13b/Smarce1/Hhex/Arid1a/Zbtb7a/Ctnnb1/Zbtb1/Dicer1/Smarcd2/Prdm1/Il1b/Cd74/B2m/Plcg2/Icosl/Hes1/Psap/Rpl22/Pou2f2/Syk/Ep300/Ptger4/Il18/Gps2/Jmjd6/H2-M3/Ufl1/Irgm1/Axl/Prkcd/Sos2/Fosl2/Il2rg/Swap70/Inpp5d/Ccl2/H2-Ab1/Stat6/Brd2/Lst1/Themis2/Stat3/H2-Eb1/Id2/Il2ra/Peli1/Fcgr2b/Psen2/Lat2/Ptk2b/Rif1/Nfkbiz/Clec12a/Pik3cd/Mafb/Foxp1/Samsn1/H2-Aa/Sash3/Mink1/Nlrp3/Hsp90aa1/Mmp14/Egr1/Cxcr4/Slamf7/Dnajb9/Zc3h12a/Zfp36l2/Sema4a/Tnfrsf1b/Sh2b3/Runx3/Irf1/Cdkn1a/Psen1/Havcr2/Arid2/Abl1/Icam1/Elf4/Spn/Lfng/Irs2/Ly9"
"GO:0032101","regulation of response to external stimulus",388,-0.293837757617684,-1.57794792404188,8.14507175168853e-06,0.00293629836648372,0.00267501303844929,1090,"tags=33%, list=25%, signal=27%","Adam17/Gigyf2/Slc15a4/Pik3cg/Btk/Brd4/Osm/Crk/Stap1/Sirpa/Pros1/Akt1/Myo1f/Lyn/Dtx3l/Inpp5f/Ubqln1/Flna/Rnf115/Klf4/Ppt1/Cd300a/Fgl2/Tnfaip3/Dusp1/Pim1/Med1/Tbc1d23/Scimp/Aoah/Ctss/Ifih1/Rb1/Dicer1/Parp14/Ddx3x/Hspa8/Pdgfb/Il1b/Cd74/Ifi211/Plcg2/Ipo5/Pcbp2/Igf1r/Xiap/Cxcl10/Syk/Isg15/Smpdl3a/Ube2k/Tlr2/Ubash3b/Mapkapk2/Ddx60/Ptger4/Casp1/Map3k8/Il18/Nfe2l2/Gps2/Snx4/H2-M3/Ufl1/Irgm1/Ifi207/Rela/Prkcd/Il10ra/Tnf/Camk1d/Hmgb2/Mapkapk3/Tbk1/Swap70/Casp4/Ccl2/Cmklr1/Nmi/Matr3/Gdi1/Stat3/Ndel1/Trim25/Il2ra/Peli1/Sh2d1b1/Chuk/Fcgr2b/Trib1/Il16/Ptk2b/Cebpa/Nfkbiz/Rab7b/Ano6/Notch1/Chd8/Clec12a/Foxp1/Tap2/Dnm1l/Nlrp3/Hsp90aa1/Nfkbia/Stat2/Aim2/Tnip1/Cxcr4/St6gal1/Zc3h12a/Zc3hav1/Lyar/Tnfrsf1b/Sh2b3/Irf1/Slc15a3/Acp5/Cadm1/Havcr2/Plaur/Elf4/Spn/Ldlr/Trim30d/Dtx4/Hexim1/Hspa1b"
"GO:0001775","cell activation",425,-0.290138682448373,-1.56872311762529,8.03339826156581e-06,0.00293629836648372,0.00267501303844929,826,"tags=24%, list=19%, signal=22%","Arid1a/Zbtb7a/Ctnnb1/Zbtb1/Dicer1/Smarcd2/Ptafr/Pdgfb/Prdm1/Il1b/Cd74/Selplg/B2m/Plcg2/Nampt/Icosl/Tmem106a/Hes1/Psap/Rpl22/Pou2f2/Cxcl10/Syk/Ep300/Tlr2/Ubash3b/Ptger4/Casp1/Il18/Gps2/Jmjd6/Snx4/H2-M3/Ufl1/Irgm1/Gna13/Axl/Prkcd/Tnf/Sos2/Fosl2/Il2rg/Swap70/Inpp5d/Ccl2/H2-Ab1/Nmi/Stat6/Brd2/Lst1/Themis2/Stat3/H2-Eb1/Id2/Il2ra/Peli1/Sh2d1b1/Fcgr2b/Psen2/Lat2/Il16/Ptk2b/Rif1/Cebpa/Nfkbiz/Clec12a/Pik3cd/Mafb/Foxp1/Samsn1/Kmt2e/H2-Aa/Sash3/Mink1/Nlrp3/Hsp90aa1/Mmp14/Egr1/Rasa3/Cxcr4/Slamf7/Dnajb9/Zc3h12a/Zfp36l2/Sema4a/Tnfrsf1b/Sh2b3/Runx3/Irf1/Cdkn1a/Hmox1/Psen1/Ptpre/Havcr2/Arid2/Abl1/Icam1/Gla/Elf4/Spn/Ldlr/Lfng/Irs2/Ly9"
"GO:0050778","positive regulation of immune response",296,-0.314529287083995,-1.65988543818842,1.05633468255304e-05,0.00346189684600338,0.0031538413488665,829,"tags=26%, list=19%, signal=23%","Ifih1/Zbtb1/Ddx3x/Ptafr/Hspa8/Il1b/Cd74/B2m/Ifi211/Plcg2/Icosl/Ipo5/Pcbp2/Xiap/Syk/Smpdl3a/Ezr/Ep300/Ube2k/Tlr2/Mapkapk2/Ddx60/Casp1/Il18/Gps2/H2-M3/Irgm1/Ifi207/Rela/H2-K1/Tnf/Hmgb2/Mapkapk3/Tbk1/Fosl2/Casp4/H2-Ab1/Cmklr1/Nmi/Stat6/Brd2/Matr3/Gdi1/Themis2/Trim25/H2-Eb1/Peli1/Sh2d1b1/Chuk/Psen2/Lat2/Rif1/Nfkbiz/Rab7b/Foxp1/H2-Q7/Arid5a/H2-Aa/Sash3/Tap2/Nlrp3/Hsp90aa1/Nfkbia/Aim2/Tnip1/Zc3h12a/Zc3hav1/Pde4b/Irf1/Slc15a3/Psen1/Cadm1/Havcr2/Abl1/Cd300ld/Trim30d/Hexim1/Hspa1b"
"GO:0045089","positive regulation of innate immune response",164,-0.368451179358119,-1.80748087032065,2.07263451937628e-05,0.0062265395352929,0.00567247342145086,1002,"tags=34%, list=23%, signal=27%","Lyn/Ubqln1/Rnf115/Ppt1/Cd300a/Tnfaip3/Med1/Scimp/Ifih1/Ddx3x/Hspa8/Cd74/Ifi211/Plcg2/Ipo5/Pcbp2/Xiap/Syk/Smpdl3a/Ube2k/Tlr2/Mapkapk2/Ddx60/Casp1/Gps2/H2-M3/Irgm1/Ifi207/Rela/Tnf/Hmgb2/Mapkapk3/Tbk1/Casp4/Nmi/Matr3/Gdi1/Trim25/Peli1/Sh2d1b1/Chuk/Nfkbiz/Rab7b/Nlrp3/Hsp90aa1/Nfkbia/Aim2/Tnip1/Zc3hav1/Irf1/Slc15a3/Cadm1/Havcr2/Trim30d/Hexim1/Hspa1b"
"GO:0002252","immune effector process",255,-0.319183307324644,-1.65671856178781,2.54303717243443e-05,0.00705203769740471,0.00642451496193962,816,"tags=27%, list=19%, signal=23%","Zbtb1/Ptafr/Hspa8/Il1b/Cd74/B2m/Irak4/Plcg2/Icosl/Pou2f2/Syk/Ep300/Tlr2/Mapkapk2/Ddx60/Ptger4/Casp1/Il18/Snx4/H2-M3/Ufl1/Axl/Prkcd/Csf2rb/H2-K1/Tnf/Fosl2/Il2rg/Swap70/Casp4/Inpp5d/Ccl2/Hcst/Nmi/Stat6/Brd2/Stat3/Sh2d1b1/Fcgr2b/Psen2/Lat2/Ptk2b/Rif1/Nfkbiz/Foxp1/Litaf/H2-Q7/Kmt2e/Arid5a/Sash3/Tap2/Irf5/Nlrp3/Dnajb9/Zc3h12a/Sema4a/Tnfrsf1b/Irf1/Hmox1/Psen1/Acp5/Cadm1/Havcr2/Abl1/Icam1/Rnf19b/Spn/Lfng/Ly9"
"GO:0140546","defense response to symbiont",377,-0.295388421058174,-1.58103161745627,2.81527213931105e-05,0.00724932575872597,0.00660424742454924,1087,"tags=32%, list=25%, signal=26%","Gigyf2/Slc15a4/Btk/Crk/Cxcl16/Setd2/Sirpa/Akt1/Relb/Myo1f/Lyn/Dtx3l/Ubqln1/Rnf115/Clec4a1/Ppt1/Rab43/Cd300a/Tnfaip3/Pim1/Med1/Scimp/Rnaset2a/Wfdc17/Oasl2/Cybb/Ddx21/Ifih1/Zbtb1/Rnase6/Parp14/Ddx3x/Hspa8/Sp100/Mpeg1/Prdm1/Cd74/B2m/Ifi211/Irak4/Plcg2/Tmem106a/Ipo5/Pcbp2/Actr2/Xiap/Cxcl10/Syk/Isg15/Smpdl3a/G3bp2/Ube2k/Tlr2/Mapkapk2/Ddx60/Casp1/Rb1cc1/Il18/Nfe2l2/Gps2/Rps6kb1/H2-M3/Irgm1/Ccl8/Ifi207/Rela/Ccl4/Axl/Tnf/Hmgb2/Mapkapk3/Tbk1/Fosl2/Trim28/Casp4/Ccl2/Hcst/Nmi/Matr3/Gdi1/Ch25h/Trim25/Rab20/Peli1/Sh2d1b1/Chuk/Neurl3/Nfkbiz/Rab7b/Pik3cd/H2-Q7/Arid5a/Dhx15/Tap2/Irf5/Nlrp3/Hsp90aa1/Rel/Nfkbia/Stat2/Aim2/Tnip1/Slamf7/Zc3hav1/Lyar/Ube2w/Irf1/Slc15a3/Ifi47/Rpl39/Cadm1/Havcr2/Rnf19b/Trim30d/Dtx4/Wfdc18/Ly9/Ciita/Hexim1/Hspa1b"
"GO:0002285","lymphocyte activation involved in immune response",89,-0.442493013496275,-1.92937033174717,3.64765625967036e-05,0.0073054448978398,0.00665537282466171,753,"tags=30%, list=17%, signal=26%","Cd74/Plcg2/Icosl/Ep300/Ptger4/Il18/H2-M3/Swap70/Stat6/Brd2/Stat3/Psen2/Ptk2b/Rif1/Nfkbiz/Foxp1/Nlrp3/Zc3h12a/Sema4a/Irf1/Psen1/Havcr2/Abl1/Icam1/Spn/Lfng/Ly9"
"GO:0002366","leukocyte activation involved in immune response",131,-0.393722158093889,-1.85206916476847,3.40177931681929e-05,0.0073054448978398,0.00665537282466171,1316,"tags=44%, list=30%, signal=32%","Ptprc/Ap1g1/Myd88/Kmt5b/Malt1/Sbno2/Slfn2/Ccl3/Slc11a1/Itgb2/Lgals3/Il4ra/Slc15a4/Btk/Brd4/Relb/Myo1f/Lyn/Cd300a/Il6ra/Fgl2/Tnfaip3/Rc3h1/Ptafr/Cd74/Plcg2/Icosl/Syk/Ep300/Ptger4/Il18/Snx4/H2-M3/Tnf/Swap70/Nmi/Stat6/Brd2/Stat3/Sh2d1b1/Psen2/Lat2/Ptk2b/Rif1/Nfkbiz/Foxp1/Nlrp3/Zc3h12a/Sema4a/Irf1/Hmox1/Psen1/Havcr2/Abl1/Icam1/Spn/Lfng/Ly9"
"GO:0030217","T cell differentiation",135,-0.385537521570605,-1.82545844038899,3.17296336055656e-05,0.0073054448978398,0.00665537282466171,1041,"tags=39%, list=24%, signal=31%","Relb/Atf2/Rhoh/Zfp608/Il6ra/Cdk6/Fgl2/Rc3h1/Smarce1/Arid1a/Ctnnb1/Zbtb1/Dicer1/Smarcd2/Prdm1/Il1b/Cd74/B2m/Psap/Rpl22/Syk/Ep300/Ptger4/Il18/Jmjd6/H2-M3/Sos2/Fosl2/Il2rg/Stat6/Brd2/Stat3/Il2ra/Nfkbiz/Mafb/Foxp1/H2-Aa/Sash3/Mink1/Nlrp3/Hsp90aa1/Egr1/Zc3h12a/Zfp36l2/Sema4a/Sh2b3/Runx3/Irf1/Arid2/Abl1/Spn/Lfng/Ly9"
"GO:0002694","regulation of leukocyte activation",205,-0.336226978843952,-1.70075910784282,3.5496117618292e-05,0.0073054448978398,0.00665537282466171,1084,"tags=36%, list=25%, signal=28%","Slc15a4/Btk/Brd4/Stap1/Sirpa/Rhoh/Lyn/Zfp608/Cd300a/Fgl2/Tnfaip3/Pag1/Rc3h1/Tnfsf13b/Smarce1/Arid1a/Ctnnb1/Zbtb1/Dicer1/Smarcd2/Prdm1/Il1b/Cd74/B2m/Icosl/Hes1/Syk/Ep300/Il18/H2-M3/Ufl1/Irgm1/Axl/Tnf/Sos2/Il2rg/Inpp5d/Ccl2/H2-Ab1/Stat6/Brd2/Lst1/Themis2/H2-Eb1/Id2/Il2ra/Peli1/Fcgr2b/Il16/Rif1/Cebpa/Nfkbiz/Clec12a/Samsn1/H2-Aa/Sash3/Nlrp3/Hsp90aa1/Mmp14/Slamf7/Zc3h12a/Zfp36l2/Tnfrsf1b/Sh2b3/Runx3/Irf1/Cdkn1a/Ptpre/Havcr2/Arid2/Abl1/Spn/Ldlr/Irs2"
"GO:1903131","mononuclear cell differentiation",231,-0.326809005595015,-1.67049436891789,5.28004860341579e-05,0.0100181974817442,0.00912673221199849,1041,"tags=35%, list=24%, signal=28%","Relb/Cflar/Atf2/Rhoh/Lyn/Acin1/Zfp608/Il6ra/Cdk6/Fgl2/Tnfaip3/Rc3h1/Tnfsf13b/Med1/Smarce1/Hhex/Arid1a/Zbtb7a/Rb1/Ctnnb1/Zbtb1/Dicer1/Smarcd2/Prdm1/Il1b/Cd74/B2m/Vps13a/Plcg2/Psap/Rpl22/Pou2f2/Syk/Ep300/Tlr2/Ptger4/Il18/Gps2/Jmjd6/H2-M3/Ifi207/Axl/Sos2/Fosl2/Il2rg/Inpp5d/Stat6/Brd2/Stat3/Id2/Il2ra/Trib1/Ptk2b/Cebpa/Vps54/Nfkbiz/Clec12a/Mafb/Foxp1/H2-Aa/Sash3/Mink1/Eif2ak1/Nlrp3/Hsp90aa1/Mmp14/Asxl2/Egr1/Dnajb9/Zc3h12a/Zfp36l2/Sema4a/Sh2b3/Runx3/Irf1/Psen1/Arid2/Abl1/Spn/Lfng/Ly9"
"GO:0042110","T cell activation",227,-0.322356600526923,-1.64671893477431,6.44738208038101e-05,0.0116214061998868,0.0105872800477836,1044,"tags=33%, list=24%, signal=26%","Sirpa/Relb/Atf2/Rhoh/Ncstn/Zfp608/Cd300a/Il6ra/Cdk6/Fgl2/Pag1/Rc3h1/Tnfsf13b/Smarce1/Arid1a/Ctnnb1/Zbtb1/Dicer1/Smarcd2/Prdm1/Il1b/Cd74/B2m/Icosl/Hes1/Psap/Rpl22/Syk/Ep300/Ptger4/Il18/Jmjd6/H2-M3/Ufl1/Irgm1/Sos2/Fosl2/Il2rg/Ccl2/H2-Ab1/Stat6/Brd2/Stat3/H2-Eb1/Il2ra/Peli1/Psen2/Nfkbiz/Mafb/Foxp1/H2-Aa/Sash3/Mink1/Nlrp3/Hsp90aa1/Egr1/Cxcr4/Slamf7/Zc3h12a/Zfp36l2/Sema4a/Tnfrsf1b/Sh2b3/Runx3/Irf1/Psen1/Havcr2/Arid2/Abl1/Icam1/Elf4/Spn/Lfng/Ly9"
"GO:0032103","positive regulation of response to external stimulus",256,-0.309293289346495,-1.60357184185312,6.87445301116192e-05,0.011801144335828,0.0107510242580577,805,"tags=26%, list=18%, signal=23%","Ddx3x/Hspa8/Pdgfb/Il1b/Cd74/Ifi211/Plcg2/Ipo5/Pcbp2/Igf1r/Xiap/Cxcl10/Syk/Smpdl3a/Ube2k/Tlr2/Mapkapk2/Ddx60/Ptger4/Casp1/Map3k8/Il18/Gps2/Snx4/H2-M3/Irgm1/Ifi207/Rela/Tnf/Camk1d/Hmgb2/Mapkapk3/Tbk1/Swap70/Casp4/Ccl2/Cmklr1/Nmi/Matr3/Gdi1/Ndel1/Trim25/Peli1/Sh2d1b1/Chuk/Il16/Ptk2b/Cebpa/Nfkbiz/Rab7b/Ano6/Dnm1l/Nlrp3/Hsp90aa1/Nfkbia/Aim2/Tnip1/Cxcr4/Zc3hav1/Irf1/Slc15a3/Cadm1/Havcr2/Ldlr/Trim30d/Hexim1/Hspa1b"
"GO:0002286","T cell activation involved in immune response",57,-0.498235382259095,-1.99871857338758,8.23011662091123e-05,0.0134861683719932,0.0122861071087287,640,"tags=33%, list=15%, signal=29%","Ep300/Ptger4/Il18/H2-M3/Stat6/Brd2/Stat3/Psen2/Nfkbiz/Foxp1/Nlrp3/Zc3h12a/Sema4a/Irf1/Psen1/Havcr2/Icam1/Spn/Ly9"
"GO:0002218","activation of innate immune response",144,-0.373212159703646,-1.79906348156225,8.89057714141852e-05,0.0135203163570836,0.0123172164491133,1002,"tags=34%, list=23%, signal=27%","Lyn/Ubqln1/Rnf115/Ppt1/Cd300a/Tnfaip3/Scimp/Ifih1/Ddx3x/Hspa8/Ifi211/Plcg2/Ipo5/Pcbp2/Xiap/Syk/Smpdl3a/Tlr2/Mapkapk2/Ddx60/Casp1/Gps2/Irgm1/Ifi207/Rela/Tnf/Mapkapk3/Tbk1/Casp4/Nmi/Matr3/Gdi1/Trim25/Peli1/Chuk/Nfkbiz/Rab7b/Nlrp3/Hsp90aa1/Nfkbia/Aim2/Tnip1/Zc3hav1/Irf1/Slc15a3/Havcr2/Trim30d/Hexim1/Hspa1b"
"GO:0031347","regulation of defense response",306,-0.304946667825795,-1.61102213201874,9.00104278973666e-05,0.0135203163570836,0.0123172164491133,1087,"tags=33%, list=25%, signal=27%","Gigyf2/Slc15a4/Pik3cg/Btk/Brd4/Osm/Crk/Stap1/Sirpa/Akt1/Myo1f/Lyn/Dtx3l/Ubqln1/Rnf115/Ppt1/Cd300a/Fgl2/Tnfaip3/Pim1/Med1/Tbc1d23/Scimp/Aoah/Ctss/Ifih1/Rb1/Dicer1/Parp14/Ddx3x/Hspa8/Il1b/Cd74/Ifi211/Plcg2/Ipo5/Pcbp2/Xiap/Syk/Isg15/Smpdl3a/Ube2k/Tlr2/Mapkapk2/Ddx60/Ptger4/Casp1/Map3k8/Il18/Nfe2l2/Gps2/Snx4/H2-M3/Ufl1/Irgm1/Ifi207/Rela/Il10ra/Tnf/Hmgb2/Mapkapk3/Tbk1/Casp4/Nmi/Matr3/Gdi1/Stat3/Trim25/Il2ra/Peli1/Sh2d1b1/Chuk/Fcgr2b/Il16/Cebpa/Nfkbiz/Rab7b/Clec12a/Foxp1/Tap2/Nlrp3/Hsp90aa1/Nfkbia/Stat2/Aim2/Tnip1/Zc3h12a/Zc3hav1/Lyar/Tnfrsf1b/Irf1/Slc15a3/Acp5/Cadm1/Havcr2/Elf4/Spn/Ldlr/Trim30d/Dtx4/Hexim1/Hspa1b"
"GO:0002263","cell activation involved in immune response",134,-0.374029199478519,-1.76962953872268,0.000101250014380207,0.0136209749589757,0.0124089179858396,1316,"tags=43%, list=30%, signal=31%","Ptprc/Ap1g1/Myd88/Kmt5b/Malt1/Sbno2/Slfn2/Ccl3/Slc11a1/Itgb2/Lgals3/Il4ra/Slc15a4/Btk/Brd4/Relb/Myo1f/Lyn/Cd300a/Il6ra/Fgl2/Tnfaip3/Rc3h1/Ptafr/Cd74/Plcg2/Icosl/Syk/Ep300/Ptger4/Il18/Snx4/H2-M3/Tnf/Swap70/Nmi/Stat6/Brd2/Stat3/Sh2d1b1/Psen2/Lat2/Ptk2b/Rif1/Nfkbiz/Foxp1/Nlrp3/Zc3h12a/Sema4a/Irf1/Hmox1/Psen1/Havcr2/Abl1/Icam1/Spn/Lfng/Ly9"
"GO:0030522","intracellular receptor signaling pathway",160,-0.352501066202703,-1.71855571092285,0.000104947346366001,0.0136209749589757,0.0124089179858396,1103,"tags=38%, list=25%, signal=30%","Safb2/Slc15a4/Btk/Fkbp4/Akt1/Ufsp2/Ubqln1/Rwdd1/Ppt1/Huwe1/Rnf6/Tnfaip3/Pim1/Med1/Scimp/Ifih1/Prcp/Arid1a/Zbtb7a/Ddx3x/Hspa8/Uba5/Plcg2/Ipo5/Pcbp2/Pak1/Xiap/Ncor2/Smpdl3a/Ep300/Cited2/Ddx60/Gps2/Ufl1/Irgm1/Ifi207/Rela/Tnf/Tbk1/Casp4/Ufm1/Stat3/Trim25/Peli1/Rab7b/Nr4a1/Foxp1/Kmt2e/Nlrp3/Nfkbia/Asxl2/Fabp5/Errfi1/Zc3hav1/Lbh/Irf1/Slc15a3/Tgif1/Havcr2/Dnaja1/Hspa1b"
"GO:0045088","regulation of innate immune response",199,-0.335686340907104,-1.69969451617442,0.000103708772240863,0.0136209749589757,0.0124089179858396,1087,"tags=35%, list=25%, signal=28%","Gigyf2/Slc15a4/Btk/Crk/Akt1/Myo1f/Lyn/Ubqln1/Rnf115/Ppt1/Cd300a/Tnfaip3/Pim1/Med1/Scimp/Ifih1/Parp14/Ddx3x/Hspa8/Cd74/Ifi211/Plcg2/Ipo5/Pcbp2/Xiap/Syk/Isg15/Smpdl3a/Ube2k/Tlr2/Mapkapk2/Ddx60/Casp1/Nfe2l2/Gps2/H2-M3/Irgm1/Ifi207/Rela/Tnf/Hmgb2/Mapkapk3/Tbk1/Casp4/Nmi/Matr3/Gdi1/Trim25/Peli1/Sh2d1b1/Chuk/Nfkbiz/Rab7b/Tap2/Nlrp3/Hsp90aa1/Nfkbia/Stat2/Aim2/Tnip1/Zc3hav1/Lyar/Irf1/Slc15a3/Cadm1/Havcr2/Trim30d/Dtx4/Hexim1/Hspa1b"
"GO:0050865","regulation of cell activation",225,-0.319890054627852,-1.63547514744488,0.00010588903939054,0.0136209749589757,0.0124089179858396,1084,"tags=36%, list=25%, signal=28%","Slc15a4/Btk/Brd4/Stap1/Sirpa/Rhoh/Lyn/Flna/Zfp608/Plek/Cd300a/Il6ra/Fgl2/Tnfaip3/Pag1/Rc3h1/Tnfsf13b/Smarce1/Arid1a/Ctnnb1/Zbtb1/Dicer1/Smarcd2/Pdgfb/Prdm1/Il1b/Cd74/B2m/Icosl/Hes1/Syk/Ep300/Ubash3b/Il18/H2-M3/Ufl1/Irgm1/Axl/Prkcd/Tnf/Sos2/Il2rg/Inpp5d/Ccl2/H2-Ab1/Stat6/Brd2/Lst1/Themis2/H2-Eb1/Id2/Il2ra/Peli1/Fcgr2b/Il16/Rif1/Cebpa/Nfkbiz/Clec12a/Samsn1/H2-Aa/Sash3/Nlrp3/Hsp90aa1/Mmp14/Slamf7/Zc3h12a/Zfp36l2/Tnfrsf1b/Sh2b3/Runx3/Irf1/Cdkn1a/Ptpre/Havcr2/Arid2/Abl1/Spn/Ldlr/Irs2"
"GO:0002253","activation of immune response",229,-0.313387700981752,-1.60034205698436,0.000111844537132143,0.0136209749589757,0.0124089179858396,1084,"tags=31%, list=25%, signal=25%","Slc15a4/Btk/Lpxn/Stap1/Usp9x/Akt1/Lyn/Elf1/Ubqln1/Rnf115/Usp12/Ppt1/Cd300a/Tnfaip3/Rc3h1/Scimp/Ifih1/Ddx3x/Hspa8/Il1b/Ifi211/Plcg2/Icosl/Ipo5/Pcbp2/Xiap/Syk/Smpdl3a/Ezr/Tlr2/Mapkapk2/Ddx60/Casp1/Gps2/Irgm1/Ifi207/Rela/Tnf/Mapkapk3/Tbk1/Fosl2/Casp4/Cmklr1/Nmi/Matr3/Gdi1/Themis2/Trim25/Peli1/Chuk/Psen2/Lat2/Nfkbiz/Rab7b/Foxp1/Nlrp3/Hsp90aa1/Nfkbia/Aim2/Tnip1/Zc3h12a/Zc3hav1/Pde4b/Irf1/Slc15a3/Psen1/Havcr2/Abl1/Cd300ld/Trim30d/Hexim1/Hspa1b"
"GO:0098542","defense response to other organism",441,-0.273399575366672,-1.48611760086958,0.000113350693139881,0.0136209749589757,0.0124089179858396,853,"tags=25%, list=20%, signal=22%","Oasl2/Cybb/Ddx21/Tab2/Ifih1/Zbtb1/Dicer1/Rnase6/Parp14/Ddx3x/Hspa8/Sp100/Mpeg1/Prdm1/Il1b/Cd74/B2m/Ifi211/Irak4/Plcg2/Tmem106a/Ipo5/Pcbp2/Actr2/Xiap/Cxcl10/Syk/Isg15/Smpdl3a/G3bp2/Ube2k/Tlr2/Mapkapk2/Ddx60/Casp1/Rb1cc1/Il18/Rnf213/Nfe2l2/Gps2/Rps6kb1/H2-M3/Irgm1/Ccl8/Ifi207/Rela/Ccl4/Axl/Prkcd/H2-K1/Tnf/Rtp4/Hmgb2/Mapkapk3/Tbk1/Fosl2/Trim28/Casp4/Ccl2/Pmaip1/Hcst/Nmi/Matr3/Gdi1/Ncbp3/Ch25h/Trim25/Rab20/Peli1/Sh2d1b1/Chuk/Neurl3/Itgax/Nfkbiz/Rab7b/Pik3cd/Foxp1/H2-Q7/Arid5a/Dhx15/Tap2/Irf5/Nlrp3/Hsp90aa1/Rel/Nfkbia/Stat2/Aim2/Tnip1/Slamf7/Zc3h12a/Zc3hav1/Lyar/Ube2w/Irf1/Slc15a3/Ifi47/Rpl39/Acp5/Cadm1/Havcr2/Rnf19b/Spn/Trim30d/Dtx4/Wfdc18/Ly9/Ciita/Hexim1/Hspa1b"
"GO:0031349","positive regulation of defense response",206,-0.337408599344464,-1.7082133383888,0.000126998731140417,0.0147687234116517,0.0134545345045196,1084,"tags=34%, list=25%, signal=27%","Slc15a4/Pik3cg/Btk/Osm/Stap1/Akt1/Lyn/Ubqln1/Rnf115/Ppt1/Cd300a/Tnfaip3/Med1/Scimp/Ctss/Ifih1/Ddx3x/Hspa8/Il1b/Cd74/Ifi211/Plcg2/Ipo5/Pcbp2/Xiap/Syk/Smpdl3a/Ube2k/Tlr2/Mapkapk2/Ddx60/Ptger4/Casp1/Map3k8/Il18/Gps2/Snx4/H2-M3/Irgm1/Ifi207/Rela/Tnf/Hmgb2/Mapkapk3/Tbk1/Casp4/Nmi/Matr3/Gdi1/Trim25/Peli1/Sh2d1b1/Chuk/Il16/Cebpa/Nfkbiz/Rab7b/Nlrp3/Hsp90aa1/Nfkbia/Aim2/Tnip1/Zc3hav1/Irf1/Slc15a3/Cadm1/Havcr2/Ldlr/Trim30d/Hexim1/Hspa1b"
"GO:0019221","cytokine-mediated signaling pathway",174,-0.341097973479925,-1.68698776273967,0.000142490871940375,0.0160524872920329,0.014624063172828,829,"tags=32%, list=19%, signal=27%","Ifih1/Dicer1/Parp14/Tank/Pdgfb/Il1b/Cd74/Irak4/Csf2ra/Csf3r/Igf1r/Xiap/Cxcl10/Syk/Isg15/Ube2k/Casp1/Il18/Gps2/Irgm1/Ccl8/Rela/Ccl4/Axl/Csf2rb/Il10ra/Tnf/Il21r/Tbk1/Il2rg/Casp4/Ccl2/Stat6/Birc2/Stat3/Il2ra/Chuk/Il16/Ptk2b/Cebpa/Hax1/Nfkbiz/Eed/Notch1/Irf5/Nfkbia/Stat2/Egr1/Hif1a/Aim2/Cxcr4/Tnfrsf1b/Sh2b3/Irf1/Acsl1/Hspa1b"
"GO:0090114","COPII-coated vesicle budding",18,0.695121933046917,2.03153702658104,0.000158288591366427,0.0163699770805067,0.0149133012602908,380,"tags=33%, list=9%, signal=31%","Cul3/Trappc6a/Trappc4/Sec13/Vapa/Trappc2l"
"GO:0043367","CD4-positive, alpha-beta T cell differentiation",46,-0.516856027776883,-1.98154019137277,0.000163472725353188,0.0163699770805067,0.0149133012602908,640,"tags=37%, list=15%, signal=32%","Ep300/Ptger4/Il18/Il2rg/Stat6/Brd2/Stat3/Nfkbiz/Foxp1/Sash3/Nlrp3/Zc3h12a/Sema4a/Runx3/Irf1/Spn/Ly9"
"GO:0002831","regulation of response to biotic stimulus",229,-0.310849502507612,-1.58738052162603,0.000151726391417992,0.0163699770805067,0.0149133012602908,1087,"tags=34%, list=25%, signal=27%","Gigyf2/Slc15a4/Btk/Crk/Sirpa/Akt1/Myo1f/Lyn/Dtx3l/Ubqln1/Rnf115/Ppt1/Cd300a/Fgl2/Tnfaip3/Pim1/Med1/Scimp/Ifih1/Parp14/Ddx3x/Hspa8/Il1b/Cd74/Ifi211/Plcg2/Ipo5/Pcbp2/Xiap/Syk/Isg15/Smpdl3a/Ube2k/Tlr2/Mapkapk2/Ddx60/Casp1/Nfe2l2/Gps2/H2-M3/Ufl1/Irgm1/Ifi207/Rela/Tnf/Hmgb2/Mapkapk3/Tbk1/Casp4/Nmi/Matr3/Gdi1/Trim25/Peli1/Sh2d1b1/Chuk/Trib1/Nfkbiz/Rab7b/Foxp1/Tap2/Nlrp3/Hsp90aa1/Nfkbia/Stat2/Aim2/Tnip1/Zc3h12a/Zc3hav1/Lyar/Irf1/Slc15a3/Cadm1/Havcr2/Spn/Trim30d/Dtx4/Hexim1/Hspa1b"
"GO:0010628","positive regulation of gene expression",453,-0.266832028896969,-1.44811038573482,0.000163205199150089,0.0163699770805067,0.0149133012602908,904,"tags=26%, list=21%, signal=23%","Med1/Tbc1d23/Scimp/Ago3/Smad2/Pabpc1/Dnmt1/Cybb/Ddx21/Angel2/Ifih1/Ctnnb1/Dicer1/Ddx3x/Ddit3/Tank/Ptafr/Ppp1r15a/Hspa8/Pdgfb/Rock2/Prdm1/Il1b/Tent5c/Cd74/B2m/Plcg2/Icosl/Tmem106a/Hes1/Atf3/Tra2a/Xiap/Pou2f2/Syk/Sh3pxd2b/Fubp1/Isg15/Ezr/Ep300/Serp1/Tlr2/Cited2/Mapkapk2/Ptger4/Casp1/Il18/Nfe2l2/Zbtb20/Rps6kb1/H2-M3/Ifi207/Rela/Sulf2/Ccl4/Tnf/Hmgb2/Fam98b/Rps27l/Tmem135/Upf3b/Tbk1/Il2rg/Casp4/Ccl2/Stat6/Rbm22/Crebbp/Stat3/Id2/Tug1/Peli1/Chuk/Fcgr2b/Il16/Ptk2b/Rif1/Cebpa/Itgax/Rab7b/Notch1/Tra2b/Clec12a/Pik3cd/Foxp1/Rbmxl1/Rlf/Tent5a/Arid5a/Sash3/Irf5/Atf4/Nlrp3/Hsp90aa1/Rel/Ago1/Polr2a/Zswim8/Mmp14/Egr1/Hif1a/Aim2/Slirp/Gsk3a/Dnajb9/Zc3h12a/Zc3hav1/Pde4b/Irf1/Tob1/Psen1/Cadm1/Clns1a/Havcr2/Ptbp1/Abl1/Spn/Ldlr/Ly9/Hspa1b"
"GO:0030098","lymphocyte differentiation",184,-0.336596361616602,-1.6812359054363,0.000217656524468526,0.0212068046137578,0.0193197256427255,954,"tags=34%, list=22%, signal=27%","Il6ra/Cdk6/Fgl2/Tnfaip3/Rc3h1/Tnfsf13b/Smarce1/Hhex/Arid1a/Zbtb7a/Ctnnb1/Zbtb1/Dicer1/Smarcd2/Prdm1/Il1b/Cd74/B2m/Plcg2/Psap/Rpl22/Pou2f2/Syk/Ep300/Ptger4/Il18/Gps2/Jmjd6/H2-M3/Axl/Sos2/Fosl2/Il2rg/Inpp5d/Stat6/Brd2/Stat3/Id2/Il2ra/Ptk2b/Nfkbiz/Mafb/Foxp1/H2-Aa/Sash3/Mink1/Nlrp3/Hsp90aa1/Mmp14/Egr1/Dnajb9/Zc3h12a/Zfp36l2/Sema4a/Sh2b3/Runx3/Irf1/Arid2/Abl1/Spn/Lfng/Ly9"
"GO:0051249","regulation of lymphocyte activation",184,-0.336072306956404,-1.67861835037152,0.000230748406548675,0.0218907369896835,0.0199427985715198,1084,"tags=37%, list=25%, signal=29%","Slc15a4/Btk/Brd4/Sirpa/Rhoh/Lyn/Zfp608/Cd300a/Fgl2/Tnfaip3/Pag1/Rc3h1/Tnfsf13b/Smarce1/Arid1a/Ctnnb1/Zbtb1/Dicer1/Smarcd2/Prdm1/Il1b/Cd74/B2m/Icosl/Hes1/Syk/Ep300/Il18/H2-M3/Ufl1/Irgm1/Axl/Sos2/Il2rg/Inpp5d/Ccl2/H2-Ab1/Stat6/Brd2/Lst1/Themis2/H2-Eb1/Id2/Il2ra/Peli1/Fcgr2b/Rif1/Nfkbiz/Clec12a/Samsn1/H2-Aa/Sash3/Nlrp3/Hsp90aa1/Mmp14/Slamf7/Zc3h12a/Zfp36l2/Tnfrsf1b/Sh2b3/Runx3/Irf1/Cdkn1a/Havcr2/Arid2/Abl1/Spn/Irs2"
"GO:0071347","cellular response to interleukin-1",30,-0.583348977530181,-1.98546669961527,0.000248737686521531,0.022227432302042,0.0202495331870563,920,"tags=63%, list=21%, signal=50%","Myd88/Cfl1/Irak1/Sirpa/Rc3h1/Tank/Il1b/Irak4/Hes1/Ep300/Rela/Ccl2/Rbmxl1/Nfkbia/Egr1/Hif1a/Zc3h12a/Irf1/Cxcl2"
"GO:0032543","mitochondrial translation",59,0.503871996331482,1.94739503029529,0.000261723281203002,0.022227432302042,0.0202495331870563,887,"tags=49%, list=20%, signal=40%","Mrps25/Mrpl12/Mrpl43/Mrpl57/Mrps9/Mrps16/Mrpl51/Mrpl24/Mrpl14/Mrpl34/Mrpl55/Mrpl15/Mrpl28/Mrpl27/Mrps33/Malsu1/Mrps12/Mrps18a/Chchd1/Mrpl20/Mrpl42/Mrps34/Mrps24/Mrps26/Mrps17/Mrpl40/Coa3/Mrpl18/Aurkaip1"
"GO:0046632","alpha-beta T cell differentiation",62,-0.462114543303571,-1.89778667223789,0.000265126099580529,0.022227432302042,0.0202495331870563,697,"tags=37%, list=16%, signal=32%","Prdm1/Psap/Rpl22/Syk/Ep300/Ptger4/Il18/Fosl2/Il2rg/Stat6/Brd2/Stat3/Nfkbiz/Foxp1/Sash3/Nlrp3/Zc3h12a/Sema4a/Runx3/Irf1/Abl1/Spn/Ly9"
"GO:0140053","mitochondrial gene expression",65,0.485365016785607,1.89739550194546,0.000249421353397207,0.022227432302042,0.0202495331870563,887,"tags=48%, list=20%, signal=39%","Hsd17b10/Mrps25/Mrpl12/Mrpl43/Mrpl57/Cfh/Mrps9/Mrps16/Mrpl51/Mrpl24/Mrpl14/Mrpl34/Mrpl55/Mrpl15/Mrpl28/Mrpl27/Mrps33/Malsu1/Mrps12/Mrps18a/Chchd1/Mrpl20/Mrpl42/Mrps34/Mrps24/Mrps26/Mrps17/Mrpl40/Coa3/Mrpl18/Aurkaip1"
"GO:0016071","mRNA metabolic process",365,-0.275426815624076,-1.47206252829629,0.00026309472794069,0.022227432302042,0.0202495331870563,1028,"tags=30%, list=24%, signal=25%","Atf2/Sp1/Tent2/Ago2/Etf1/Acin1/Rbm28/Flna/Hnrnpc/Prdx6/Snrpe/Zmat2/Hnrnpa1/Tnrc6a/Rc3h1/Med1/Ago3/Rsrp1/Prpf6/Pabpc1/Snrpd3/Malat1/Casc3/Zfp326/Sde2/Angel2/Zbtb7a/Xrn1/Zbtb1/Dicer1/Son/Hspa8/Samd4b/Upf2/Hnrnpdl/Alyref/Rock2/Tent5c/Rprd2/Lsm8/Tia1/Srsf7/Tra2a/Mbnl2/Sf1/Zrsr2/Htatsf1/Mapkapk2/Cnot6/Iws1/Cwf19l2/Isy1/Atxn2l/Jmjd6/Wbp11/Mbnl1/Upf3b/Snrpa1/Ppp4r2/Snrpg/Khsrp/Usp4/Rbm22/Smg1/Exosc8/Ncbp3/Stat3/Nfkbiz/Tra2b/Chd8/Dhx40/Snrpb2/Rbbp6/Rbmxl1/Ik/Dhx8/Ahcyl1/Aqr/Tent5a/Arid5a/Dhx15/Atf4/Scaf8/Virma/Ago1/Srsf2/Srsf10/Phrf1/Lsm5/Slirp/Pcf11/Zc3h12a/Zc3hav1/Zfp36l2/Srek1ip1/Crnkl1/Tob1/Dkc1/Cbll1/Slbp/Dcp2/Snrpf/Srrt/Clns1a/Ptbp1/Taf13/Hspa1a/Hspa1b"
"GO:0002221","pattern recognition receptor signaling pathway",126,-0.363310148417294,-1.70118426071598,0.000296105507955428,0.024260462640439,0.0221016551392568,1002,"tags=37%, list=23%, signal=30%","Slc15a4/Btk/Akt1/Lyn/Ubqln1/Rnf115/Ppt1/Cd300a/Tnfaip3/Scimp/Ifih1/Ddx3x/Hspa8/Plcg2/Ipo5/Pcbp2/Xiap/Syk/Smpdl3a/Tlr2/Mapkapk2/Ddx60/Casp1/Gps2/Irgm1/Ifi207/Rela/Tnf/Mapkapk3/Tbk1/Casp4/Nmi/Gdi1/Trim25/Peli1/Chuk/Nfkbiz/Rab7b/Nlrp3/Nfkbia/Aim2/Tnip1/Zc3hav1/Irf1/Slc15a3/Havcr2/Hspa1b"
"GO:0032655","regulation of interleukin-12 production",24,-0.630791699316746,-2.07508590380244,0.000329612254156841,0.0252819611964982,0.0230322560575441,887,"tags=50%, list=20%, signal=40%","Scimp/Plcg2/Syk/Tlr2/H2-M3/Rela/Cmklr1/Il16/Foxp1/Rel/Irf1/Acp5"
"GO:0022409","positive regulation of cell-cell adhesion",120,-0.365405084381444,-1.69589124853817,0.000320372527383964,0.0252819611964982,0.0230322560575441,826,"tags=32%, list=19%, signal=26%","Arid1a/Zbtb1/Smarcd2/Ptafr/Il1b/Cd74/B2m/Icosl/Hes1/Syk/Ep300/Cited2/Itga6/Il18/H2-M3/Irgm1/Rela/Tnf/Il2rg/Dennd6a/Ccl2/H2-Ab1/Brd2/H2-Eb1/Il2ra/Nfkbiz/H2-Aa/Sash3/Nlrp3/Hsp90aa1/Runx3/Irf1/Havcr2/Arid2/Plaur/Abl1/Icam1/Spn"
"GO:1903706","regulation of hemopoiesis",181,-0.331057085298045,-1.64970695657541,0.000325664831362615,0.0252819611964982,0.0230322560575441,826,"tags=33%, list=19%, signal=28%","Arid1a/Zbtb7a/Rb1/Ctnnb1/Zbtb1/Dicer1/Smarcd2/Ldb1/Prdm1/Cd74/B2m/Csf3r/Hspa9/Syk/Isg15/Ep300/Ubash3b/Nf1/Il18/H2-M3/Irgm1/Axl/Tnf/Hmgb2/Sos2/Il2rg/Inpp5d/Rassf2/Brd2/Stat3/Id2/Il2ra/Trib1/Ptk2b/Cebpa/Hax1/Nfkbiz/Rab7b/Clec12a/Mafb/Foxp1/H2-Aa/Sash3/Nlrp3/Hsp90aa1/Nfkbia/Mmp14/Asxl2/Hif1a/Zc3h12a/Prxl2a/Zfp36l2/Sh2b3/Runx3/Irf1/Tob2/Arid2/Abl1/Hspa1b"
"GO:0002250","adaptive immune response",166,-0.33951398519431,-1.66522339749795,0.000352829602094711,0.0254390143110286,0.0231753338639052,954,"tags=34%, list=22%, signal=27%","Il6ra/Fgl2/Tnfaip3/Pag1/Rc3h1/Tnfsf13b/Nfkb2/Zbtb1/Hspa8/Mpeg1/Prdm1/Il1b/Cd74/B2m/Icosl/Pou2f2/Syk/Ep300/Il18/H2-M3/Ufl1/Prkcd/Csf2rb/H2-K1/Tnf/Fosl2/Swap70/Inpp5d/Adcy7/Stat6/Brd2/Stat3/Sh2d1b1/Fcgr2b/Lat2/Ptk2b/Rif1/Nfkbiz/Notch1/Pik3cd/Samsn1/H2-Q7/Arid5a/Sash3/Tap2/Nlrp3/Slamf7/Zc3h12a/Sema4a/Tnfrsf1b/Irf1/Havcr2/Icam1/Rnf19b/Spn/Ly9"
"GO:0007169","cell surface receptor protein tyrosine kinase signaling pathway",173,-0.337127583232088,-1.66049763240748,0.000348911459421041,0.0254390143110286,0.0231753338639052,849,"tags=30%, list=19%, signal=25%","Hhex/Leprotl1/Snx5/Ctnnb1/Pdgfb/Il1b/Vps13a/Arf4/Pak1/Igf1r/Syk/Nus1/Ubash3b/Mapkapk2/Iqgap1/Rps6kb1/Rela/Sulf2/Axl/Prkcd/Sgpl1/Rapgef2/Tnf/Sos2/Ccl2/Ccdc88a/Stat6/Dok3/Tiparp/Stat3/Ndel1/Csrnp1/Psen2/Ptk2b/Myo1e/Notch1/Pik3cd/Nucb2/Atxn7/Mmp14/Hif1a/Errfi1/Gsk3a/Sh2b3/Psen1/Ptpre/Ide/Cadm1/Plaur/Abl1/Ptpn12/Irs2"
"GO:0002833","positive regulation of response to biotic stimulus",172,-0.33679489178018,-1.65550420460398,0.000342389941560799,0.0254390143110286,0.0231753338639052,1002,"tags=33%, list=23%, signal=26%","Lyn/Ubqln1/Rnf115/Ppt1/Cd300a/Tnfaip3/Med1/Scimp/Ifih1/Ddx3x/Hspa8/Cd74/Ifi211/Plcg2/Ipo5/Pcbp2/Xiap/Syk/Smpdl3a/Ube2k/Tlr2/Mapkapk2/Ddx60/Casp1/Gps2/H2-M3/Irgm1/Ifi207/Rela/Tnf/Hmgb2/Mapkapk3/Tbk1/Casp4/Nmi/Matr3/Gdi1/Trim25/Peli1/Sh2d1b1/Chuk/Nfkbiz/Rab7b/Nlrp3/Hsp90aa1/Nfkbia/Aim2/Tnip1/Zc3hav1/Irf1/Slc15a3/Cadm1/Havcr2/Trim30d/Hexim1/Hspa1b"
"GO:0032691","negative regulation of interleukin-1 beta production",12,-0.752594555351386,-2.03793830364794,0.000414674418428781,0.0293117897732501,0.0267034919607388,234,"tags=42%, list=5%, signal=40%","Nlrp3/Errfi1/Zc3h12a/Acp5/Elf4"
"GO:0032611","interleukin-1 beta production",45,-0.494583587136863,-1.8957301409326,0.000441595993091974,0.0306144914441647,0.0278902732479141,764,"tags=38%, list=18%, signal=31%","Il1b/Tmem106a/Tlr2/Casp1/Ifi207/Rela/Tnf/Casp4/Stat3/Foxp1/Nlrp3/Egr1/Errfi1/Aim2/Zc3h12a/Acp5/Elf4"
"GO:0046470","phosphatidylcholine metabolic process",18,-0.661858637977738,-1.97979942233034,0.00049549737798847,0.0330790379194155,0.030135513047252,174,"tags=33%, list=4%, signal=32%","Cept1/Fabp5/Lpcat1/Ldlr/Chka/Gdpd3"
"GO:0002764","immune response-regulating signaling pathway",216,-0.305713056976642,-1.55025468277108,0.000492315795784853,0.0330790379194155,0.030135513047252,1084,"tags=32%, list=25%, signal=25%","Slc15a4/Btk/Lpxn/Stap1/Usp9x/Akt1/Lyn/Elf1/Ubqln1/Rnf115/Usp12/Ppt1/Cd300a/Tnfaip3/Rc3h1/Scimp/Ifih1/Ddx3x/Hspa8/Plcg2/Icosl/Ipo5/Pcbp2/Xiap/Syk/Smpdl3a/Ezr/Tlr2/Mapkapk2/Ddx60/Casp1/Gps2/H2-M3/Irgm1/Ifi207/Rela/Lair1/Tnf/Mapkapk3/Tbk1/Fosl2/Casp4/Cmklr1/Nmi/Gdi1/Themis2/Trim25/Peli1/Sh2d1b1/Chuk/Psen2/Lat2/Nfkbiz/Rab7b/Foxp1/Nlrp3/Nfkbia/Aim2/Tnip1/Zc3h12a/Zc3hav1/Pde4b/Irf1/Slc15a3/Psen1/Havcr2/Abl1/Cd300ld/Hspa1b"
"GO:0006954","inflammatory response",281,-0.285933322968815,-1.49871678846548,0.000508163726580068,0.033181601219646,0.0302289497935019,866,"tags=28%, list=20%, signal=24%","Aoah/Ctss/Cybb/Tab2/Prcp/Rb1/Dicer1/Ddx3x/Ptafr/Hspa8/Il1b/Vps13a/Plcg2/Nampt/Cxcl10/Syk/Acer3/Tlr2/Mapkapk2/Ptger4/Casp1/Tmem258/Map3k8/Il18/Nfe2l2/Gps2/Snx4/Ufl1/Irgm1/Ccl8/Ifi207/Rela/Ccl4/Axl/Il10ra/Tnf/Camk1d/Hmgb2/Fosl2/Casp4/Ccl2/Adcy7/Cmklr1/Nmi/Themis2/Stat3/Il2ra/Fcgr2b/Psen2/Il16/Cebpa/Vps54/Nfkbiz/Ano6/Notch1/Clec12a/Nr4a1/Pik3cd/Foxp1/Eif2ak1/Irf5/Nlrp3/Rel/Nfkbia/Hif1a/Aim2/Tnip1/Zc3h12a/Kdm6b/Tnfrsf1b/Hmox1/Psen1/Acp5/Cxcl2/Havcr2/Icam1/Elf4/Spn/Ldlr/Nfkbib"
"GO:0030097","hemopoiesis",412,-0.261056992626553,-1.40294446341246,0.000515442349043045,0.033181601219646,0.0302289497935019,1071,"tags=34%, list=25%, signal=28%","Btk/Brd4/Stk4/Stap1/Prkx/Sirpa/Relb/Cflar/Atf2/Sp1/Tent2/Rhoh/Lyn/Acin1/Flna/Zfp608/Plek/Klf4/Il6ra/Cdk6/Fgl2/Kat6a/Tnfaip3/Pim1/Rc3h1/Tnfsf13b/Med1/Samd9l/Smarce1/Hhex/Arid1a/Zbtb7a/Rb1/Ctnnb1/Zbtb1/Dicer1/Smarcd2/Ldb1/Uba5/Prdm1/Il1b/Cd74/B2m/Vps13a/Plcg2/Csf3r/Agpat5/Hes1/Psap/Hspa9/Rpl22/Pou2f2/Syk/Fubp1/Isg15/Ep300/Snx10/Tlr2/Cited2/Ubash3b/Ptger4/Alas1/Nf1/Il18/Nfe2l2/Gps2/Jmjd6/H2-M3/Ufl1/Irgm1/Ifi207/Axl/Ireb2/Sgpl1/Maea/Ncoa6/Tnf/Hmgb2/Sos2/Fosl2/Il2rg/Inpp5d/Ppp4r2/Stat6/Slc11a2/Rassf2/Brd2/Tiparp/Coa5/Stat3/Id2/Il2ra/Chuk/Trib1/Psen2/Ptk2b/Cebpa/Hax1/Vps54/Myo1e/Nfkbiz/Rab7b/Notch1/Clec12a/Mafb/Foxp1/Mknk2/Kmt2e/H2-Aa/Sash3/Mink1/Eif2ak1/Atf4/Nlrp3/Hsp90aa1/N4bp2l2/Dock7/Nfkbia/Mmp14/Asxl2/Egr1/Hif1a/Atf7/Dnajb9/Zc3h12a/Prxl2a/Zfp36l2/Sema4a/Lyar/Sh2b3/Runx3/Irf1/Tob2/Psen1/Arid2/Abl1/Spn/Lfng/Ly9/Hspa1b"
"GO:0042026","protein refolding",12,-0.743760860923011,-2.01401768914136,0.000553970140384333,0.0350361816857109,0.0319185011634186,795,"tags=67%, list=18%, signal=55%","Hspa8/B2m/Hspa9/St13/Hsp90aa1/Dnaja1/Hspa1a/Hspa1b"
"GO:0002521","leukocyte differentiation",278,-0.288529920035802,-1.5109539171593,0.000580492295806051,0.0360805987307037,0.0328699811781285,826,"tags=28%, list=19%, signal=24%","Arid1a/Zbtb7a/Rb1/Ctnnb1/Zbtb1/Dicer1/Smarcd2/Prdm1/Il1b/Cd74/B2m/Vps13a/Plcg2/Psap/Rpl22/Pou2f2/Syk/Ep300/Snx10/Tlr2/Cited2/Ubash3b/Ptger4/Nf1/Il18/Gps2/Jmjd6/H2-M3/Ifi207/Axl/Ireb2/Tnf/Sos2/Fosl2/Il2rg/Inpp5d/Stat6/Rassf2/Brd2/Coa5/Stat3/Id2/Il2ra/Chuk/Trib1/Psen2/Ptk2b/Cebpa/Hax1/Vps54/Nfkbiz/Clec12a/Mafb/Foxp1/H2-Aa/Sash3/Mink1/Eif2ak1/Nlrp3/Hsp90aa1/Mmp14/Asxl2/Egr1/Dnajb9/Zc3h12a/Prxl2a/Zfp36l2/Sema4a/Sh2b3/Runx3/Irf1/Tob2/Psen1/Arid2/Abl1/Spn/Lfng/Ly9"
"GO:0002699","positive regulation of immune effector process",105,-0.376730381528021,-1.70643387584596,0.000605460792050288,0.0369598853692757,0.033671024849154,839,"tags=35%, list=19%, signal=29%","Ddx21/Zbtb1/Ptafr/Hspa8/Il1b/Cd74/B2m/Plcg2/Syk/Ep300/Tlr2/Mapkapk2/Ddx60/Casp1/Il18/Snx4/H2-M3/H2-K1/Tnf/Il2rg/Casp4/Ccl2/Stat6/Brd2/Sh2d1b1/Rif1/Nfkbiz/Foxp1/H2-Q7/Arid5a/Sash3/Tap2/Irf5/Nlrp3/Dnajb9/Irf1/Cadm1"
"GO:0071345","cellular response to cytokine stimulus",334,-0.275793624847091,-1.46223977442441,0.000615143723205698,0.0369598853692757,0.033671024849154,814,"tags=26%, list=19%, signal=23%","Dicer1/Parp14/Tank/Pdgfb/Il1b/Cd74/Ifi211/Irak4/Csf2ra/Csf3r/Srsf7/Hes1/Igf1r/Actr2/Xiap/Cxcl10/Syk/Isg15/Tuba1b/Ep300/Snx10/Ube2k/Tlr2/Casp1/Tle4/Il18/Nfe2l2/Gps2/Rps6kb1/Mat2a/Irgm1/Ccl8/Ifi207/Rela/Ccl4/Axl/Csf2rb/Il10ra/Etv3/Tnf/Il21r/Tbk1/Il2rg/Casp4/Ccl2/Khsrp/Hk2/Stat6/Birc2/Stat3/P4hb/Trim25/Il2ra/Rab20/Eif4a2/Birc3/Chuk/Il16/Ptk2b/Rif1/Cebpa/Hax1/Nfkbiz/Rab7b/Eed/Notch1/Rbmxl1/H2-Q7/Irf5/Nfkbia/Stat2/Egr1/Hif1a/Aim2/Cxcr4/Gsk3a/Zc3h12a/Zfp36l2/Tnfrsf1b/Sh2b3/Irf1/Acsl1/Ifi47/Cxcl2/Icam1/Ciita/Hspa1b"
"GO:0002064","epithelial cell development",65,-0.445909222640589,-1.8473759358399,0.000657262446178861,0.0388431330897507,0.0353866925293882,814,"tags=37%, list=19%, signal=30%","Dicer1/Pdgfb/Rock2/Prdm1/Il1b/Psap/Ezr/Iqgap1/Map3k1/Plod3/Rapgef2/Tnf/Fosl2/Vezf1/Cebpa/Myo1e/Notch1/Atf4/Hif1a/Luzp1/Cxcr4/Cdkn1a/Abcb1b/Icam1"
"GO:0051084","'de novo' post-translational protein folding",30,-0.556588563761612,-1.89438586729707,0.000685820513125563,0.0398771443518977,0.0363286927156495,63,"tags=13%, list=1%, signal=13%","Dnajb4/Dnajb1/Hspa1a/Hspa1b"
"GO:0046631","alpha-beta T cell activation",84,-0.401863934440332,-1.72511007859512,0.00070496092661619,0.0403394308008153,0.0367498427910194,697,"tags=31%, list=16%, signal=27%","Psap/Rpl22/Syk/Ep300/Ptger4/Il18/H2-M3/Irgm1/Fosl2/Il2rg/Stat6/Brd2/Stat3/Il2ra/Nfkbiz/Foxp1/Sash3/Nlrp3/Zc3h12a/Sema4a/Runx3/Irf1/Abl1/Elf4/Spn/Ly9"
"GO:0002696","positive regulation of leukocyte activation",134,-0.347842026916805,-1.64573120627846,0.00072316681070086,0.0407346305090094,0.037109875812281,826,"tags=31%, list=19%, signal=26%","Arid1a/Zbtb1/Smarcd2/Il1b/Cd74/B2m/Icosl/Hes1/Syk/Ep300/Il18/H2-M3/Irgm1/Axl/Tnf/Il2rg/Inpp5d/Ccl2/H2-Ab1/Stat6/Brd2/H2-Eb1/Il2ra/Peli1/Il16/Rif1/Cebpa/Nfkbiz/H2-Aa/Sash3/Nlrp3/Hsp90aa1/Mmp14/Runx3/Irf1/Cdkn1a/Havcr2/Arid2/Abl1/Spn/Irs2"
"GO:0009408","response to heat",39,-0.509488462590503,-1.86943037213941,0.000738983867448231,0.0409851821869365,0.0373381322500159,233,"tags=21%, list=5%, signal=20%","Hsp90aa1/Rasa3/Cdkn1a/Hmox1/Dnaja1/Dnajb1/Hspa1a/Hspa1b"
"GO:0002287","alpha-beta T cell activation involved in immune response",38,-0.520809655945366,-1.91999378325956,0.000765385555381592,0.0411823123455319,0.0375177208608102,640,"tags=39%, list=15%, signal=34%","Ep300/Ptger4/Il18/H2-M3/Stat6/Brd2/Stat3/Nfkbiz/Foxp1/Nlrp3/Zc3h12a/Sema4a/Irf1/Spn/Ly9"
"GO:0033209","tumor necrosis factor-mediated signaling pathway",45,-0.481889930773698,-1.84707558062744,0.000758456364490136,0.0411823123455319,0.0375177208608102,814,"tags=38%, list=19%, signal=31%","Dicer1/Tank/Xiap/Syk/Ube2k/Casp1/Gps2/Rela/Tnf/Birc2/Chuk/Ptk2b/Eed/Nfkbia/Aim2/Tnfrsf1b/Hspa1b"
"GO:0032651","regulation of interleukin-1 beta production",42,-0.508203956031019,-1.92415443786983,0.000819397916209999,0.043440139528486,0.0395746362008544,717,"tags=38%, list=16%, signal=32%","Tmem106a/Tlr2/Casp1/Ifi207/Rela/Tnf/Casp4/Stat3/Foxp1/Nlrp3/Egr1/Errfi1/Aim2/Zc3h12a/Acp5/Elf4"
"GO:0034097","response to cytokine",372,-0.261843500534967,-1.39705897011186,0.000862337688217523,0.0450540197974518,0.0410449059838089,829,"tags=26%, list=19%, signal=23%","Ifih1/Ctnnb1/Dicer1/Parp14/Tank/Sp100/Pdgfb/Il1b/Cd74/Ifi211/Irak4/Csf2ra/Synj1/Csf3r/Srsf7/Hes1/Igf1r/Actr2/Xiap/Cxcl10/Syk/Isg15/Tuba1b/Ep300/Snx10/Ube2k/Tlr2/Mapkapk2/Casp1/Tle4/Il18/Nfe2l2/Gps2/Rps6kb1/Mat2a/Irgm1/Ccl8/Ifi207/Rela/Ccl4/Axl/Csf2rb/Il10ra/Etv3/Tnf/Mapkapk3/Il21r/Tbk1/Fosl2/Il2rg/Casp4/Ccl2/Khsrp/Hk2/Stat6/Birc2/Stat3/Ch25h/P4hb/Trim25/Il2ra/Rab20/Eif4a2/Birc3/Chuk/Il16/Ptk2b/Rif1/Cebpa/Hax1/Nfkbiz/Rab7b/Eed/Notch1/Rbmxl1/H2-Q7/Irf5/Rel/Nfkbia/Stat2/Egr1/Hif1a/Aim2/Cxcr4/Gsk3a/Zc3h12a/Zfp36l2/Tnfrsf1b/Sh2b3/Irf1/Acsl1/Ifi47/Acp5/Cxcl2/Icam1/Ciita/Hspa1b"
"GO:2000026","regulation of multicellular organismal development",467,-0.247516211696176,-1.34782418309924,0.000907485041367574,0.04673547963043,0.0425767417904786,826,"tags=31%, list=19%, signal=28%","Prkx/Akt1/Plxnc1/Atf2/Sp1/Ago2/Rhoh/Ski/Lyn/Acin1/Zfp608/Ist1/Klf4/Cdk6/Fgl2/Rnf6/Kat6a/Ccnd1/Pim1/Rc3h1/Hook3/Med1/Egr2/Srgn/Smarce1/Twf2/Cybb/Hhex/Arid1a/Zbtb7a/Rb1/Ctnnb1/Zbtb1/Dicer1/Ctdsp1/Smarcd2/Ppp1r15a/Glul/Sp100/Ldb1/Rock2/Ccnd2/Prdm1/Man2a1/Il1b/Trip12/Cd74/B2m/Synj1/Csf3r/Hes1/Pak1/Hspa9/Trpv2/Actr2/Cxcl10/Syk/Isg15/Ep300/Tlr2/Cited2/Ubash3b/Ptger4/Nf1/Il18/Nfe2l2/H2-M3/Ufl1/Irgm1/Rela/Axl/Rapgef2/Tnf/Ctnna1/Hmgb2/Nin/Sos2/Il2rg/Vezf1/Inpp5d/Ccl2/Hk2/Rassf2/Brd2/Gdi1/Stat3/Rgs2/Ndel1/Id2/Il2ra/Trib1/Ptk2b/Nbr1/Cebpa/Hax1/Itgax/Nfkbiz/Rab7b/Ano6/Notch1/Clec12a/Pik3cd/Mafb/Foxp1/Tent5a/H2-Aa/Sash3/Dnm1l/Atf4/Nlrp3/Hsp90aa1/Ago1/Dock7/Maff/Nfkbia/Mmp14/Asxl2/Btg1/Hif1a/Shtn1/Errfi1/Cxcr4/Gsk3a/Zc3h12a/Prxl2a/Zfp36l2/Sema4a/Tnfrsf1b/Sh2b3/Runx3/Zzz3/Irf1/Krit1/Tgif1/Tob2/Hmox1/Psen1/Srrt/Por/Arid2/Abl1/Ldlr/Adgre5/Hspa1b"
"GO:0002449","lymphocyte mediated immunity",114,-0.359976218059362,-1.65679945619069,0.000963778859907434,0.0487790786180912,0.0444384919449433,816,"tags=30%, list=19%, signal=25%","Zbtb1/Hspa8/Il1b/Cd74/B2m/Icosl/Pou2f2/Il18/H2-M3/Ufl1/Prkcd/Csf2rb/H2-K1/Tnf/Fosl2/Swap70/Inpp5d/Hcst/Stat6/Sh2d1b1/Fcgr2b/Rif1/Nfkbiz/H2-Q7/Arid5a/Sash3/Tap2/Nlrp3/Tnfrsf1b/Cadm1/Havcr2/Icam1/Rnf19b/Spn"
"GO:0048871","multicellular organismal-level homeostasis",288,-0.284004779121158,-1.48930436940203,0.000974228477254526,0.0487790786180912,0.0444384919449433,838,"tags=28%, list=19%, signal=25%","Cln8/Prcp/Zbtb7a/Rb1/Ctnnb1/Ddit3/Ldb1/Uba5/Il1b/Cd74/B2m/Vps13a/Zfp516/Tpp1/Hspa9/Igf1r/Trpv2/Xiap/Syk/Isg15/Snx10/Cited2/Ubash3b/Ptger4/Alas1/Nf1/Il18/Jmjd6/Tsc22d3/Ufl1/Axl/Ireb2/Maea/Il10ra/Tnf/Hmgb2/Sos2/Fosl2/Inpp5d/Ccl2/Pmaip1/Cmklr1/Stat6/Slc11a2/Rassf2/Stat3/Gatm/Id2/Il2ra/Tbl1xr1/Fcgr2b/Ptk2b/Cebpa/Vps54/Nfkbiz/Notch1/Pik3cd/Mafb/Zfx/Kmt2e/Sash3/Eif2ak1/Atf4/Dock7/Egr1/Hif1a/Fabp5/Lpcat1/Errfi1/Aim2/Cxcr4/Kdm6b/Lyar/Pde4b/Sh2b3/Bola3/Acsl1/Hmox1/Acp5/Abl1/Apbb2/Hspa1b"
"GO:0051085","chaperone cofactor-dependent protein refolding",21,-0.633533319605596,-1.99662178678188,0.00099624293060631,0.0491980241758321,0.0448201578008895,63,"tags=43%, list=1%, signal=42%","Tor1a/Hspa8/Cd74/Hspa9/St13/Dnajb4/Dnajb1/Hspa1a/Hspa1b"
"GO:0098586","cellular response to virus",28,-0.553727900755895,-1.88498879965093,0.0010245304751843,0.049911248149181,0.0454699158261025,829,"tags=46%, list=19%, signal=38%","Ifih1/Ddx3x/Pou2f2/Cxcl10/Irgm1/Crebbp/Chuk/Irf5/Nlrp3/Hsp90aa1/Hif1a/Zc3h12a/Zc3hav1"
